<?xml version="1.0" encoding="UTF-8"?>
<xmi:XMI xmi:version="2.0" xmlns:xmi="http://www.omg.org/XMI" xmlns:resources.j2c="http://www.ibm.com/websphere/appserver/schemas/5.0/resources.j2c.xmi" xmlns:resources.jdbc="http://www.ibm.com/websphere/appserver/schemas/5.0/resources.jdbc.xmi" xmlns:resources.jms="http://www.ibm.com/websphere/appserver/schemas/5.0/resources.jms.xmi" xmlns:resources.mail="http://www.ibm.com/websphere/appserver/schemas/5.0/resources.mail.xmi" xmlns:resources.url="http://www.ibm.com/websphere/appserver/schemas/5.0/resources.url.xmi">
  <resources.jdbc:JDBCProvider xmi:id="builtin_jdbcprovider" name="Derby JDBC Provider (XA)" description="Built-in Derby JDBC Provider (XA)" providerType="Derby JDBC Provider (XA)" implementationClassName="org.apache.derby.jdbc.EmbeddedXADataSource" xa="true">
    <classpath>${DERBY_JDBC_DRIVER_PATH}/derby.jar</classpath>
    <factories xmi:type="resources.jdbc:DataSource" xmi:id="DataSource_1163624113079" name="EJB3SampleDatasource" jndiName="jdbc/EJB3SampleDatasource" description="Derby datasource for EJB3 sample application" category="" relationalResourceAdapter="builtin_rra" statementCacheSize="10" datasourceHelperClassname="com.ibm.websphere.rsadapter.DerbyDataStoreHelper">
      <propertySet xmi:id="J2EEResourcePropertySet_1163624113079">
        <resourceProperties xmi:id="J2EEResourceProperty_1163624113086" name="databaseName" type="java.lang.String" value="${APP_INSTALL_ROOT}/${CELL}/EJB3CounterSample.ear/database/EJB3SampleDB" description="adminRequired=true - This is a required property. This property must be set and it identifies which database to access. For example, g:/db/wombat." required="true"/>
        <resourceProperties xmi:id="J2EEResourceProperty_1163624113087" name="shutdownDatabase" type="java.lang.String" value="" description="If set to the string 'shutdown', this will cause the database to shutdown when a java.sql.Connection object is obtained from the Data Source. E.g., If the Data Source is an XADataSource, a getXAConnection().getConnection() is necessary to cause the database to shutdown" required="false"/>
        <resourceProperties xmi:id="J2EEResourceProperty_1163624113088" name="dataSourceName" type="java.lang.String" value="" description="Name for XADataSource. Not used by the data source object. Used for informational purpose only." required="false"/>
        <resourceProperties xmi:id="J2EEResourceProperty_1163624113089" name="description" type="java.lang.String" value="" description="Description of the Data Source. Not used by the Data Source object. Used for informational purpose only." required="false"/>
        <resourceProperties xmi:id="J2EEResourceProperty_1163624113090" name="connectionAttributes" type="java.lang.String" value="" description="Connection attributes specific to Cloudscape. Please see Cloudscape documentation for a complete list of features." required="false"/>
        <resourceProperties xmi:id="J2EEResourceProperty_1163624113091" name="createDatabase" type="java.lang.String" value="" description="If set to the string 'create', this will cause a new database of DatabaseName if that database does not already exist. The database is created when a connection object is obtained from the Data Source." required="false"/>
        <resourceProperties xmi:id="J2EEResourceProperty_1163624113092" name="enableMultithreadedAccessDetection" type="java.lang.Boolean" value="false" description="Indicates whether or not to detect multithreaded access to a Connection and its corresponding Statements, ResultSets, and MetaDatas." required="false"/>
        <resourceProperties xmi:id="J2EEResourceProperty_1163624113093" name="reauthentication" type="java.lang.Boolean" value="false" description="Specifies whether to allow reauthentication of connections.  This option requires implementation of the doConnectionSetupPerTransaction() method on the DataStoreHelper where the reauthentication is expected to take place." required="false"/>
        <resourceProperties xmi:id="J2EEResourceProperty_1163624113094" name="preTestSQLString" type="java.lang.String" value="SELECT 1 FROM TABLE1" description="This SQL statement is used for pre-test connection function. For example, SELECT 1 FROM [TESTTABLE]. If pre-testing of connection is enabled for the connection pool, this SQL statement will be executed to the connection to make sure the connection is good. If you leave this field blank, the default SQL statement, SELECT 1 FROM TABLE1, will be used at runtime. This will slow down the execution because of the exception handling if table TABLE1 is not defined in the database. Users are recommended to provide their own SQL statement to improve the performance." required="false"/>
        <resourceProperties xmi:id="J2EEResourceProperty_1163624113095" name="validateNewConnection" type="java.lang.Boolean" value="false" description="Setting this flag to true will cause to WebSphere Application Server to validate connections when they first get created and to keep trying to get a good connection from the database if the validation fails. Setting this flag to false prevents any additional validation from being performed - newly created connections are assumed to be valid and usable. " required="false"/>
        <resourceProperties xmi:id="J2EEResourceProperty_1163624113096" name="validateNewConnectionRetryCount" type="java.lang.Integer" value="100" description="This is useful only if validateNewConnection flag is true.  This property controls how many times WebSphere will try to get a connection from the database before giving up" required="false"/>
        <resourceProperties xmi:id="J2EEResourceProperty_1163624113097" name="validateNewConnectionRetryInterval" type="java.lang.Long" value="3" description="This is useful only if validateNewConnection flag is true.  This property controls the interval between retries to retrieve a connection from the database.  Unit is seconds" required="false"/>
        <resourceProperties xmi:id="J2EEResourceProperty_1163624113098" name="dbFailOverEnabled" type="java.lang.Boolean" value="" description="Deprecated. Please use the validateNewConnection property instead. This flag should be set to true only if the backend database is configured with failover capability.  This flag will indicate to WebSphere to validate connections when they first get created and to keep trying to get a good connection from the database when the validation fails." required="false"/>
        <resourceProperties xmi:id="J2EEResourceProperty_1163624113099" name="connRetriesDuringDBFailover" type="java.lang.Integer" value="" description="Deprecated. Please use the validateNewConnectionRetryCount property instead. This is useful only if dbFailOverEnabled flag is true.  This property controls how many times WebSphere will try to get a connection from the database before giving up" required="false"/>
        <resourceProperties xmi:id="J2EEResourceProperty_1163624113100" name="connRetryIntervalDuringDBFailover" type="java.lang.Long" value="" description="Deprecated. Please use the validateNewConnectionRetryInterval instead. This is useful only if dbFailOverEnabled flag is true.  This property controls the interval between retries to retrieve a connection from the database." required="false"/>
      </propertySet>
      <connectionPool xmi:id="ConnectionPool_1163624113079" connectionTimeout="180" maxConnections="10" minConnections="1" reapTime="180" unusedTimeout="1800" agedTimeout="0" purgePolicy="EntirePool"/>
    </factories>
  </resources.jdbc:JDBCProvider>
  <resources.j2c:J2CResourceAdapter xmi:id="builtin_rra" name="WebSphere Relational Resource Adapter" description="Built-in Relational Resource Adapter for WebSphere Persistence" archivePath="${WAS_LIBS_DIR}/rsadapter.rar">
    <classpath>${WAS_LIBS_DIR}/rsadapter.rar</classpath>
    <propertySet xmi:id="J2EEResourcePropertySet_8"/>
    <deploymentDescriptor xmi:id="Connector_1054132487569" displayName="WS_RdbResourceAdapter" vendorName="IBM" specVersion="1.5" eisType="RRA" version="6.0">
      <icons xmi:id="IconType_1054132487569" smallIcon="rdb_small_icon.jpg" largeIcon="rdb_large_icon.jpg"/>
      <displayNames xmi:id="DisplayName_1163630566263" value="WS_RdbResourceAdapter"/>
      <displayNames xmi:id="DisplayName_1163540683070" value="WS_RdbResourceAdapter"/>
      <displayNames xmi:id="DisplayName_1163535234621" value="WS_RdbResourceAdapter"/>
      <displayNames xmi:id="DisplayName_1163535136026" value="WS_RdbResourceAdapter"/>
      <displayNames xmi:id="DisplayName_1163447295274" value="WS_RdbResourceAdapter"/>
      <displayNames xmi:id="DisplayName_1163189516526" value="WS_RdbResourceAdapter"/>
      <displayNames xmi:id="DisplayName_1054132487569" value="WS_RdbResourceAdapter"/>
      <descriptions xmi:id="Description_1054132487569" value="IBM Relational ResourceAdapter"/>
      <license xmi:id="License_1054132487569" required="false">
        <descriptions xmi:id="Description_1054132487570" value="IBM Relational ResourceAdapter"/>
      </license>
      <resourceAdapter xmi:id="ResourceAdapter_1054132487569" transactionSupport="NoTransaction" reauthenticationSupport="false" resourceAdapterClass="com.ibm.ws.rsadapter.spi.WSResourceAdapterImpl">
        <outboundResourceAdapter xmi:id="OutboundResourceAdapter_1054132487569" reauthenticationSupport="false" transactionSupport="XATransaction">
          <connectionDefinitions xmi:id="ConnectionDefinition_1054132487569" managedConnectionFactoryClass="com.ibm.ws.rsadapter.spi.WSManagedConnectionFactoryImpl" connectionFactoryInterface="javax.resource.cci.ConnectionFactory" connectionFactoryImplClass="com.ibm.ws.rsadapter.cci.WSRdbConnectionFactoryImpl" connectionInterface="javax.resource.cci.Connection" connectionImplClass="com.ibm.ws.rsadapter.cci.WSRdbConnectionImpl">
            <configProperties xmi:id="ConfigProperty_1054132487569" name="ConnectionFactoryType" type="java.lang.Integer" value="2">
              <descriptions xmi:id="Description_1054132487571" value="A constant indicating the type of connection factory: WSJdbcDataSource (1) or WSRdbConnectionFactory (2)"/>
            </configProperties>
          </connectionDefinitions>
          <authenticationMechanisms xmi:id="AuthenticationMechanism_1054132487589" authenticationMechanismType="BasicPassword" credentialInterface="javax.resource.spi.security.PasswordCredential">
            <descriptions xmi:id="Description_1054132487590" value="BasicPassword authentication"/>
          </authenticationMechanisms>
          <authenticationMechanisms xmi:id="AuthenticationMechanism_1054132487590" authenticationMechanismType="Kerbv5" credentialInterface="javax.resource.spi.security.GenericCredential">
            <descriptions xmi:id="Description_1054132487591" value="Kerbv5 Authentication"/>
          </authenticationMechanisms>
        </outboundResourceAdapter>
      </resourceAdapter>
    </deploymentDescriptor>
    <connectionDefTemplateProps xmi:id="ConnectionDefTemplateProps_1054132487589" ConnectionDefinition="ConnectionDefinition_1054132487569"/>
  </resources.j2c:J2CResourceAdapter>
</xmi:XMI>
